clave1,uniTotal
20090915,3
20090918,6
20090919,6
20090922,9
20090923,1
20090925,5
20090928,8
20090929,2
20090930,4
20091005,1
20091006,4
20091007,7
20091008,12
20091009,12
20091013,2
20091014,3
20091015,9
20091016,1
20091019,2
20091020,4
20091021,6
20091022,13
20091023,2
20091024,2
20091026,6
20091027,-1
20091028,15
20091029,8
20091030,8
20091103,6
20091104,5
20091105,7
20091106,9
20091109,7
20091110,8
20091111,8
20091112,14
20091113,7
20091116,3
20091117,5
20091118,7
20091119,6
20091120,7
20091123,4
20091124,1
20091125,13
20091126,4
20091127,3
20091130,2
20091201,6
20091202,10
20091203,-1
20091204,4
20091207,3
20091209,4
20091210,7
20091211,10
20091214,7
20091215,3
20091216,12
20091217,4
20091218,9
20091221,7
20091222,1
20091223,15
20091224,5
20091228,5
20091229,9
20091230,9
20091231,1
20100104,4
20100105,3
20100107,10
20100108,4
20100111,12
20100112,2
20100113,6
20100114,4
20100115,4
20100118,3
20100119,6
20100120,4
20100121,21
20100122,4
20100125,8
20100126,9
20100127,4
20100128,8
20100129,9
20100201,3
20100202,4
20100203,10
20100204,5
20100205,4
20100208,5
20100209,6
20100210,3
20100211,7
20100212,12
20100215,7
20100216,19
20100217,6
20100218,5
20100219,11
20100222,10
20100223,15
20100224,8
20100225,11
20100226,9
20100302,10
20100303,9
20100304,9
20100305,11
20100308,13
20100309,14
20100310,4
20100311,4
20100312,5
20100315,7
20100316,3
20100317,7
20100318,12
20100319,11
20100322,13
20100323,2
20100324,4
20100325,4
20100326,8
20100329,12
20100330,7
20100331,7
20100405,3
20100406,2
20100407,17
20100408,24
20100409,6
20100412,8
20100413,9
20100414,6
20100415,9
20100416,7
20100419,3
20100420,3
20100421,4
20100422,11
20100423,5
20100426,6
20100427,2
20100428,8
20100429,1
20100430,5
20100502,1
20100503,4
20100504,2
20100505,1
20100506,10
20100507,9
20100510,4
20100511,6
20100512,5
20100513,5
20100514,3
20100517,8
20100518,20
20100519,11
20100520,5
20100521,10
20100524,8
20100525,14
20100526,16
20100527,4
20100528,9
20100531,12
20100601,5
20100602,9
20100603,6
20100604,4
20100606,2
20100607,5
20100608,14
20100609,3
20100610,12
20100611,6
20100614,9
20100615,8
20100616,8
20100617,4
20100618,9
20100620,3
20100621,7
20100622,6
20100623,7
20100624,4
20100625,2
20100628,3
20100629,9
20100630,1
20100701,13
20100702,10
20100705,8
20100706,3
20100707,5
20100708,9
20100709,12
20100712,9
20100713,7
20100714,13
20100715,8
20100716,12
20100719,7
20100720,16
20100721,6
20100722,12
20100723,7
20100726,3
20100727,2
20100728,2
20100729,5
20100730,-4
20100802,11
20100803,8
20100804,2
20100805,10
20100806,2
20100809,7
20100810,12
20100811,13
20100812,4
20100813,8
20100817,5
20100818,10
20100819,9
20100820,15
20100823,14
20100824,16
20100825,8
20100826,7
20100827,5
20100830,3
20100831,10
20100901,11
20100902,5
20100903,2
20100906,12
20100907,3
20100908,9
20100909,5
20100910,13
20100913,12
20100914,18
20100915,5
20100916,5
20100917,9
20100920,16
20100921,14
20100922,11
20100923,20
20100924,3
20100927,10
20100928,4
20100929,3
20100930,28
20101001,6
20101003,4
20101004,13
20101005,12
20101006,5
20101007,16
20101008,6
20101011,6
20101013,11
20101014,9
20101015,7
20101018,13
20101019,4
20101020,12
20101021,8
20101022,8
20101025,11
20101026,15
20101027,5
20101028,9
20101029,7
20101102,2
20101103,11
20101104,14
20101105,13
20101108,9
20101109,12
20101110,8
20101111,7
20101112,12
20101115,13
20101116,20
20101117,21
20101118,17
20101119,8
20101122,12
20101123,12
20101124,17
20101125,8
20101126,6
20101128,5
20101129,7
20101130,12
20101201,16
20101202,12
20101203,16
20101207,10
20101208,1
20101209,6
20101210,5
20101213,19
20101214,6
20101215,15
20101216,8
20101217,5
20101220,13
20101221,14
20101222,1
20101223,7
20101224,1
20101227,11
20101228,13
20101229,13
20101230,7
20101231,1
20110103,7
20110104,10
20110106,3
20110107,8
20110110,11
20110111,5
20110112,6
20110113,16
20110114,22
20110117,8
20110118,17
20110119,16
20110120,14
20110121,11
20110124,13
20110125,7
20110126,13
20110127,30
20110128,21
20110131,16
20110201,14
20110202,20
20110203,21
20110204,21
20110205,2
20110207,19
20110208,7
20110209,13
20110210,12
20110211,7
20110214,8
20110215,12
20110216,13
20110217,11
20110218,10
20110221,8
20110222,14
20110223,17
20110224,18
20110225,10
20110228,1
20110301,4
20110302,7
20110303,11
20110304,11
20110307,11
20110308,14
20110309,29
20110310,8
20110311,23
20110314,13
20110315,20
20110316,29
20110317,10
20110321,7
20110322,15
20110323,9
20110324,16
20110325,9
20110327,2
20110328,9
20110329,18
20110330,22
20110331,17
20110401,14
20110404,16
20110405,13
20110406,15
20110407,12
20110408,12
20110410,7
20110411,9
20110412,16
20110413,11
20110414,10
20110415,13
20110418,23
20110419,17
20110420,14
20110425,8
20110426,27
20110427,20
20110428,19
20110429,4
20110503,10
20110504,11
20110505,11
20110506,13
20110509,10
20110510,7
20110511,8
20110512,16
20110513,15
20110516,17
20110517,12
20110518,15
20110519,14
20110520,11
20110523,11
20110524,19
20110525,14
20110526,9
20110527,8
20110529,9
20110530,10
20110531,16
20110601,11
20110602,16
20110603,4
20110606,16
20110607,20
20110608,20
20110609,13
20110610,7
20110613,18
20110614,14
20110615,12
20110616,10
20110617,6
20110620,10
20110621,16
20110622,10
20110623,10
20110624,12
20110627,13
20110628,12
20110629,13
20110630,26
20110701,17
20110704,29
20110705,20
20110706,6
20110707,11
20110708,14
20110711,4
20110712,24
20110713,16
20110714,6
20110715,8
20110718,13
20110719,11
20110720,17
20110721,15
20110722,14
20110725,14
20110726,20
20110727,14
20110728,5
20110729,11
20110801,12
20110802,26
20110803,10
20110804,33
20110805,7
20110808,13
20110809,12
20110810,14
20110811,12
20110812,6
20110816,13
20110817,10
20110818,9
20110819,10
20110822,4
20110823,9
20110824,14
20110825,7
20110826,11
20110829,12
20110831,8
20110901,5
20110902,4
20110905,9
20110906,13
20110907,45
20110908,6
20110909,15
20110912,12
20110913,13
20110914,18
20110915,13
20110916,19
20110919,21
20110920,23
20110921,8
20110922,11
20110923,15
20110926,18
20110927,23
20110928,10
20110929,21
20110930,5
20111001,2
20111003,12
20111004,21
20111005,28
20111006,16
20111007,14
20111010,9
20111011,11
20111013,12
20111014,15
20111017,8
20111018,9
20111019,16
20111020,14
20111021,11
20111024,14
20111025,15
20111026,19
20111027,8
20111028,19
20111030,1
20111031,9
20111102,22
20111103,9
20111104,10
20111107,13
20111108,6
20111109,8
20111110,12
20111111,17
20111114,15
20111115,8
20111116,12
20111117,9
20111118,10
20111121,4
20111122,14
20111123,18
20111124,10
20111125,3
20111128,8
20111129,7
20111130,3
20111201,10
20111202,14
20111205,9
20111207,27
20111209,10
20111212,21
20111213,10
20111214,8
20111215,3
20111216,11
20111219,13
20111220,6
20111221,7
20111222,10
20111223,16
20111227,17
20111228,13
20111229,7
20111230,9
20120101,2
20120103,13
20120104,14
20120105,1
20120109,12
20120110,10
20120111,16
20120112,8
20120113,10
20120115,0
20120116,1
20120117,10
20120118,12
20120119,16
20120120,22
20120123,19
20120124,16
20120125,19
20120126,6
20120127,16
20120130,6
20120131,5
20120201,10
20120202,6
20120203,11
20120206,15
20120207,10
20120208,19
20120209,27
20120210,13
20120213,9
20120214,7
20120215,5
20120216,13
20120217,10
20120220,12
20120221,12
20120222,11
20120223,22
20120224,7
20120227,3
20120229,16
20120301,6
20120302,9
20120305,9
20120306,19
20120307,9
20120308,17
20120309,8
20120312,17
20120313,7
20120314,8
20120315,10
20120316,12
20120319,45
20120320,16
20120321,19
20120322,10
20120323,5
20120326,3
20120327,6
20120328,13
20120329,2
20120330,14
20120402,7
20120403,3
20120404,8
20120409,18
20120410,12
20120411,12
20120412,7
20120413,16
20120416,4
20120417,10
20120418,10
20120419,16
20120420,12
20120423,13
20120424,17
20120425,8
20120426,9
20120427,13
20120430,17
20120502,15
20120503,15
20120504,9
20120507,8
20120508,6
20120509,19
20120510,15
20120511,14
20120514,3
20120515,20
20120516,16
20120517,9
20120518,11
20120521,13
20120522,16
20120523,14
20120524,12
20120525,7
20120528,9
20120529,12
20120530,5
20120531,13
20120601,13
20120604,17
20120605,14
20120606,12
20120607,14
20120608,11
20120611,10
20120612,14
20120613,20
20120614,14
20120615,13
20120618,20
20120619,21
20120620,23
20120621,13
20120622,17
20120625,22
20120626,17
20120627,23
20120628,12
20120629,14
20120701,1
20120702,25
20120703,21
20120704,28
20120705,9
20120706,5
20120709,23
20120710,14
20120711,21
20120712,25
20120713,18
20120716,8
20120717,7
20120718,10
20120719,11
20120720,26
20120723,27
20120724,8
20120725,10
20120726,18
20120727,13
20120730,7
20120731,21
20120801,19
20120802,19
20120803,14
20120806,25
20120807,23
20120808,20
20120809,13
20120810,33
20120813,22
20120814,28
20120816,15
20120817,9
20120820,15
20120821,15
20120822,13
20120823,10
20120824,23
20120827,9
20120828,14
20120829,6
20120830,26
20120831,8
20120901,-2
20120903,18
20120904,12
20120905,12
20120906,17
20120907,21
20120910,8
20120911,24
20120912,20
20120913,18
20120914,13
20120917,10
20120918,8
20120919,12
20120920,18
20120921,20
20120924,5
20120925,7
20120926,12
20120927,10
20120928,27
20121001,17
20121002,9
20121003,22
20121004,16
20121005,30
20121008,14
20121009,6
20121010,11
20121011,26
20121015,16
20121016,13
20121017,13
20121018,13
20121019,26
20121022,30
20121023,20
20121024,17
20121025,10
20121026,10
20121029,8
20121030,29
20121031,23
20121102,16
20121105,7
20121106,15
20121107,15
20121108,10
20121109,10
20121112,22
20121113,19
20121114,10
20121115,12
20121116,17
20121119,12
20121120,10
20121121,13
20121122,7
20121123,25
20121126,11
20121127,15
20121128,12
20121129,3
20121130,24
20121203,24
20121204,6
20121205,16
20121207,20
20121210,27
20121211,9
20121212,22
20121213,12
20121214,15
20121217,10
20121218,15
20121219,15
20121220,12
20121221,12
20121224,5
20121226,13
20121227,17
20121228,12
20121231,5
20130101,-2
20130102,10
20130103,15
20130104,7
20130108,25
20130109,19
20130110,44
20130111,23
20130114,21
20130115,16
20130116,22
20130117,16
20130118,20
20130121,16
20130122,13
20130123,7
20130124,18
20130125,9
20130128,5
20130129,16
20130130,17
20130131,17
20130201,16
20130204,27
20130205,7
20130206,12
20130207,20
20130208,21
20130211,18
20130212,23
20130213,21
20130214,4
20130215,10
20130218,16
20130219,5
20130220,20
20130221,11
20130222,8
20130225,23
20130226,13
20130227,15
20130301,20
20130304,17
20130305,14
20130306,10
20130307,15
20130308,18
20130309,1
20130311,12
20130312,6
20130313,14
20130314,16
20130315,11
20130316,1
20130318,14
20130319,18
20130320,12
20130321,17
20130322,22
20130325,22
20130326,23
20130327,5
20130401,19
20130402,16
20130403,9
20130404,23
20130405,24
20130408,11
20130409,13
20130410,14
20130411,13
20130412,30
20130413,1
20130415,13
20130416,23
20130417,15
20130418,14
20130419,21
20130422,26
20130423,9
20130424,20
20130425,15
20130426,22
20130429,28
20130430,20
20130502,28
20130503,17
20130506,18
20130507,16
20130508,14
20130509,21
20130510,20
20130513,13
20130514,17
20130515,25
20130516,15
20130517,11
20130520,13
20130521,8
20130522,18
20130523,10
20130524,19
20130527,16
20130528,16
20130529,21
20130530,18
20130531,19
20130603,11
20130604,9
20130605,5
20130606,24
20130607,25
20130610,18
20130611,14
20130612,15
20130613,15
20130614,14
20130617,16
20130618,10
20130619,13
20130620,20
20130621,12
20130624,13
20130625,24
20130626,13
20130627,19
20130628,17
20130701,15
20130702,23
20130703,15
20130704,20
20130705,16
20130706,4
20130708,7
20130709,15
20130710,16
20130711,19
20130712,23
20130715,12
20130716,10
20130717,12
20130718,17
20130719,16
20130722,14
20130723,17
20130724,19
20130725,5
20130726,18
20130729,28
20130730,15
20130731,14
20130801,21
20130802,13
20130805,14
20130806,17
20130807,13
20130808,19
20130809,12
20130812,16
20130813,12
20130814,16
20130816,11
20130819,13
20130820,23
20130821,18
20130822,24
20130823,21
20130826,22
20130827,13
20130828,13
20130829,7
20130830,19
20130902,24
20130903,19
20130904,16
20130905,16
20130906,14
20130909,11
20130910,14
20130911,12
20130912,14
20130913,13
20130916,20
20130917,16
20130918,17
20130919,17
20130920,13
20130923,16
20130924,12
20130925,19
20130926,16
20130927,22
20130930,25
20131001,24
20131002,23
20131003,17
20131004,16
20131007,15
20131008,19
20131009,8
20131010,11
20131011,31
20131014,24
20131015,28
20131016,21
20131017,21
20131018,24
20131021,18
20131022,20
20131023,9
20131024,17
20131025,29
20131028,15
20131029,19
20131030,8
20131031,16
20131104,14
20131105,13
20131106,15
20131107,25
20131108,17
20131111,12
20131112,13
20131113,13
20131114,9
20131115,22
20131118,6
20131119,9
20131120,17
20131121,15
20131122,21
20131125,12
20131126,20
20131127,15
20131128,19
20131129,16
20131202,14
20131203,17
20131204,35
20131205,23
20131206,1
20131210,21
20131211,18
20131212,12
20131213,12
20131216,23
20131217,11
20131218,11
20131219,13
20131220,9
20131223,16
20131224,5
20131226,9
20131227,26
20131230,22
20131231,11
20140102,14
20140103,19
20140107,14
20140108,14
20140109,21
20140110,21
20140113,19
20140114,25
20140115,17
20140116,21
20140117,12
20140120,18
20140121,12
20140122,21
20140123,15
20140124,25
20140127,13
20140128,19
20140129,31
20140130,15
20140131,39
20140203,33
20140204,22
20140205,11
20140206,10
20140207,14
20140210,17
20140211,10
20140212,11
20140213,20
20140214,33
20140217,13
20140218,16
20140219,21
20140220,15
20140221,27
20140224,20
20140225,10
20140226,9
20140227,19
20140303,39
20140304,15
20140305,16
20140306,21
20140307,11
20140310,27
20140311,11
20140312,17
20140313,15
20140314,24
20140317,28
20140318,14
20140319,11
20140320,27
20140321,16
20140324,16
20140325,22
20140326,15
20140327,18
20140328,17
20140331,30
20140401,22
20140402,27
20140403,31
20140404,20
20140407,9
20140408,14
20140409,17
20140410,17
20140411,16
20140414,27
20140415,14
20140416,11
20140421,16
20140422,15
20140423,17
20140424,9
20140425,20
20140428,14
20140429,23
20140430,36
20140502,11
20140505,19
20140506,26
20140507,15
20140508,17
20140509,19
20140512,31
20140513,21
20140514,18
20140515,18
20140516,19
20140519,14
20140520,22
20140521,23
20140522,11
20140523,20
20140526,34
20140527,23
20140528,18
20140529,20
20140530,25
20140602,29
20140603,27
20140604,9
20140605,15
20140606,27
20140609,59
20140610,13
20140611,19
20140612,22
20140613,18
20140616,14
20140617,17
20140618,14
20140619,19
20140620,15
20140623,14
20140624,12
20140625,24
20140626,18
20140627,6
20140630,35
20140701,20
20140702,29
20140703,16
20140704,16
20140707,17
20140708,22
20140709,15
20140710,19
20140711,24
20140714,29
20140715,18
20140716,16
20140717,11
20140718,25
20140721,25
20140722,25
20140723,19
20140724,41
20140725,19
20140728,17
20140729,34
20140730,20
20140731,16
20140801,16
20140804,20
20140805,27
20140806,22
20140807,31
20140808,19
20140811,23
20140812,21
20140813,21
20140814,27
20140818,18
20140819,21
20140820,14
20140821,23
20140822,28
20140825,8
20140826,12
20140827,15
20140828,16
20140829,9
20140901,16
20140902,19
20140903,27
20140904,30
20140905,18
20140908,15
20140909,34
20140910,16
20140911,17
20140912,16
20140913,1
20140915,42
20140916,18
20140917,20
20140918,28
20140919,21
20140922,30
20140923,21
20140924,24
20140925,14
20140926,18
20140929,18
20140930,27
20141001,11
20141002,22
20141003,27
20141006,26
20141007,13
20141008,30
20141009,10
20141010,24
20141014,15
20141015,13
20141016,35
20141017,16
20141020,15
20141021,28
20141022,26
20141023,13
20141024,15
20141027,15
20141028,11
20141029,16
20141030,16
20141031,23
20141103,24
20141104,19
20141105,6
20141106,22
20141107,27
20141110,18
20141111,21
20141112,19
20141113,21
20141114,25
20141117,11
20141118,21
20141119,28
20141120,20
20141121,18
20141124,27
20141125,15
20141126,26
20141127,12
20141128,24
20141201,11
20141202,12
20141203,12
20141204,23
20141205,15
20141209,14
20141210,22
20141211,26
20141212,20
20141215,32
20141216,20
20141217,14
20141218,21
20141219,11
20141222,25
20141223,23
20141224,13
20141226,20
20141229,24
20141230,30
20141231,16
20150102,17
20150105,16
20150107,33
20150108,29
20150109,30
20150112,44
20150113,38
20150114,32
20150115,19
20150116,34
20150119,20
20150120,34
20150121,19
20150122,17
20150123,30
20150126,23
20150127,17
20150128,28
20150129,10
20150130,20
20150202,21
20150203,22
20150204,18
20150205,28
20150206,20
20150209,26
20150210,24
20150211,31
20150212,26
20150213,17
20150216,21
20150217,15
20150218,14
20150219,15
20150220,17
20150223,14
20150224,7
20150225,31
20150226,22
20150227,33
20150302,19
20150303,27
20150304,18
20150305,43
20150306,24
20150309,26
20150310,20
20150311,24
20150312,23
20150313,34
20150314,2
20150316,20
20150317,11
20150318,17
20150319,29
20150320,26
20150323,18
20150324,13
20150325,23
20150326,31
20150327,23
20150330,41
20150331,30
20150401,9
20150406,23
20150407,30
20150408,8
20150409,24
20150410,27
20150413,24
20150414,29
20150415,21
20150416,33
20150417,35
20150420,45
20150421,43
20150422,29
20150423,24
20150424,22
20150427,29
20150428,17
20150429,23
20150430,27
20150504,23
20150505,23
20150506,19
20150507,16
20150508,25
20150511,18
20150512,18
20150513,26
20150514,20
20150515,25
20150518,32
20150519,17
20150520,22
20150521,17
20150522,30
20150525,24
20150526,23
20150527,35
20150528,30
20150529,22
20150601,32
20150602,30
20150603,45
20150604,25
20150605,24
20150608,26
20150609,31
20150610,30
20150611,30
20150612,19
20150615,24
20150616,29
20150617,32
20150618,25
20150619,26
20150622,34
20150623,23
20150624,24
20150625,26
20150626,23
20150629,43
20150630,20
20150701,21
20150702,30
20150703,32
20150706,53
20150707,35
20150708,23
20150709,29
20150710,32
20150713,41
20150714,22
20150715,28
20150716,34
20150717,15
20150720,31
20150721,54
20150722,23
20150723,11
20150724,16
20150727,38
20150728,18
20150729,29
20150730,46
20150731,39
20150803,28
20150804,14
20150805,26
20150806,20
20150807,19
20150810,36
20150811,24
20150812,22
20150813,25
20150814,33
20150817,29
20150818,16
20150819,31
20150820,18
20150821,25
20150822,2
20150824,32
20150825,16
20150826,30
20150827,18
20150828,22
20150831,21
20150901,16
20150902,34
20150903,29
20150904,28
20150907,33
20150908,65
20150909,16
20150910,31
20150911,31
20150914,41
20150915,18
20150916,40
20150917,22
20150918,35
20150921,25
20150922,14
20150923,29
20150924,16
20150925,15
20150928,21
20150929,35
20150930,25
20151001,22
20151002,17
20151005,64
20151006,33
20151007,22
20151008,16
20151009,25
20151013,32
20151014,18
20151015,21
20151016,32
20151019,34
20151020,18
20151021,23
20151022,25
20151023,26
20151026,25
20151027,9
20151028,29
20151029,23
20151030,26
20151103,31
20151104,34
20151105,24
20151106,22
20151109,20
20151110,45
20151111,18
20151112,18
20151113,28
20151116,24
20151117,37
20151118,27
20151119,18
20151120,18
20151123,22
20151124,21
20151125,13
20151126,14
20151127,37
20151130,29
20151201,25
20151202,19
20151203,34
20151204,22
20151209,25
20151210,29
20151211,27
20151214,21
20151215,31
20151216,19
20151217,39
20151218,21
20151221,16
20151222,16
20151223,33
20151224,7
20151228,17
20151229,34
20151230,44
20151231,15
20160104,43
20160105,14
20160107,17
20160108,44
20160111,30
20160112,31
20160113,28
20160114,23
20160115,25
20160118,39
20160119,37
20160120,25
20160121,25
20160122,30
20160125,25
20160126,5
20160127,23
20160128,23
20160129,31
20160201,32
20160202,30
20160203,24
20160204,26
20160205,25
20160208,25
20160209,30
20160210,38
20160211,28
20160212,28
20160215,23
20160216,17
20160217,11
20160218,22
20160219,31
20160222,35
20160223,32
20160224,25
20160225,21
20160226,17
20160301,26
20160302,38
20160303,17
20160304,20
20160307,26
20160308,25
20160309,30
20160310,21
20160311,30
20160312,4
20160314,30
20160315,29
20160316,25
20160317,34
20160318,37
20160321,41
20160322,26
20160323,11
20160328,27
20160329,22
20160330,32
20160331,21
20160401,38
20160404,22
20160405,30
20160406,23
20160407,32
20160408,41
20160411,34
20160412,33
20160413,17
20160414,33
20160415,35
20160418,30
20160419,26
20160420,28
20160421,36
20160422,74
20160425,28
20160426,31
20160427,28
20160428,19
20160429,40
20160503,30
20160504,23
20160505,32
20160506,38
20160509,14
20160510,38
20160511,29
20160512,39
20160513,43
20160516,32
20160517,32
20160518,29
20160519,32
20160520,31
20160523,24
20160524,17
20160525,35
20160526,20
20160527,42
20160530,29
20160531,38
20160601,32
20160602,29
20160603,41
20160606,25
20160607,9
20160608,27
20160609,28
20160610,34
20160613,32
20160614,30
20160615,22
20160616,33
20160617,21
20160620,32
20160621,27
20160622,40
20160623,28
20160624,22
20160627,31
20160628,31
20160629,29
20160630,44
20160701,25
20160704,31
20160705,27
20160706,35
20160707,29
20160708,36
20160711,17
20160712,31
20160713,30
20160714,44
20160715,24
20160718,31
20160719,26
20160720,42
20160721,35
20160722,28
20160725,29
20160726,30
20160727,18
20160728,27
20160729,33
20160801,29
20160802,31
20160803,31
20160804,36
20160805,26
20160808,33
20160809,39
20160810,27
20160811,48
20160812,39
20160816,36
20160817,37
20160818,33
20160819,16
20160822,23
20160823,28
20160824,25
20160825,24
20160826,28
20160829,16
20160830,18
20160831,12
20160901,18
20160902,17
20160905,7
20160906,28
20160907,26
20160908,34
20160909,31
20160912,36
20160913,35
20160914,22
20160915,44
20160916,39
20160917,5
20160919,31
20160920,52
20160921,32
20160922,14
20160923,45
20160926,40
20160927,34
20160928,14
20160929,19
20160930,49
20161003,43
20161004,18
20161005,15
20161006,29
20161007,32
20161008,4
20161010,34
20161011,35
20161013,35
20161014,17
20161017,21
20161018,18
20161019,29
20161020,23
20161021,24
20161024,30
20161025,29
20161026,33
20161027,25
20161028,56
20161031,25
20161102,23
20161103,32
20161104,44
20161107,29
20161108,23
20161109,41
20161110,22
20161111,28
20161114,16
20161115,35
20161116,11
20161117,9
20161118,24
20161121,34
20161122,19
20161123,19
20161124,15
20161125,17
20161128,27
20161129,24
20161130,28
20161201,35
20161202,27
20161205,35
20161207,39
20161209,38
20161212,25
20161213,53
20161214,22
20161215,35
20161216,25
20161219,25
20161220,26
20161221,43
20161222,17
20161223,27
20161227,40
20161228,30
20161229,23
20161230,33
20170103,47
20170104,38
20170105,16
20170109,39
20170110,27
20170111,29
20170112,33
20170113,30
20170116,30
20170117,60
20170118,27
20170119,28
20170120,26
20170123,20
20170124,19
20170125,20
20170126,19
20170127,33
20170130,22
20170131,24
20170201,20
20170202,33
20170203,47
20170206,28
20170207,32
20170208,40
20170209,26
20170210,36
20170213,33
20170214,28
20170215,37
20170216,32
20170217,26
20170220,34
20170221,68
20170222,22
20170223,28
20170224,30
20170227,27
20170301,27
20170302,17
20170303,28
20170306,29
20170307,39
20170308,23
20170309,31
20170310,37
20170313,44
20170314,59
20170315,35
20170316,31
20170317,25
20170320,20
20170321,31
20170322,35
20170323,12
20170324,33
20170327,20
20170328,17
20170329,21
20170330,19
20170331,29
20170401,10
20170403,34
20170404,31
20170405,31
20170406,39
20170407,51
20170410,38
20170411,36
20170412,22
20170416,1
20170417,26
20170418,28
20170419,22
20170420,40
20170421,20
20170424,35
20170425,38
20170426,29
20170427,28
20170428,44
20170502,23
20170503,39
20170504,33
20170505,25
20170508,30
20170509,27
20170510,26
20170511,29
20170512,34
20170515,23
20170516,34
20170517,16
20170518,32
20170519,33
20170522,27
20170523,32
20170524,20
20170525,27
20170526,14
20170529,28
20170530,34
20170531,29
20170601,29
20170602,26
20170605,20
20170606,25
20170607,29
20170608,39
20170609,32
20170612,43
20170613,27
20170614,30
20170615,39
20170616,31
20170619,40
20170620,46
20170621,25
20170622,23
20170623,23
20170626,49
20170627,45
20170628,31
20170629,34
20170630,31
20170703,44
20170704,36
20170705,24
20170706,29
20170707,38
20170710,44
20170711,57
20170712,52
20170713,32
20170714,22
20170717,29
20170718,29
20170719,38
20170720,38
20170721,30
20170722,-1
20170724,35
20170725,43
20170726,36
20170727,26
20170728,16
20170731,36
20170801,32
20170802,28
20170803,25
20170804,32
20170807,24
20170808,38
20170809,22
20170810,14
20170811,36
20170814,15
20170816,21
20170817,32
20170818,43
20170821,24
20170822,37
20170823,31
20170824,34
20170825,30
20170828,5
20170829,38
20170830,28
20170831,14
20170901,18
20170904,38
20170905,63
20170906,13
20170907,37
20170908,65
20170911,35
20170912,37
20170913,41
20170914,19
20170915,34
20170916,1
20170918,24
20170919,30
20170920,32
20170921,27
20170922,27
20170925,19
20170926,26
20170927,30
20170928,19
20170929,32
20171002,20
20171003,23
20171004,23
20171005,30
20171006,31
20171009,28
20171010,23
20171011,43
20171013,28
20171016,42
20171017,24
20171018,33
20171019,37
20171020,51
20171023,52
20171024,38
20171025,28
20171026,22
20171027,24
20171030,24
20171031,25
20171102,24
20171103,31
20171106,22
20171107,23
20171108,33
20171109,32
20171110,18
20171113,25
20171114,19
20171115,21
20171116,23
20171117,31
20171120,33
20171121,22
20171122,33
20171123,20
20171124,15
20171127,26
20171128,42
20171129,17
20171130,22
20171201,33
20171204,22
20171205,36
20171207,31
20171211,42
20171212,43
20171213,13
20171214,12
20171215,19
20171218,19
20171219,31
20171220,30
20171221,34
20171222,27
20171226,28
20171227,15
20171228,28
20171229,38
20171230,1
20180102,35
20180103,16
20180104,25
20180105,37
20180108,26
20180109,37
20180110,26
20180111,24
20180112,18
20180115,25
20180116,32
20180117,34
20180118,32
20180119,31
20180122,18
20180123,17
20180124,34
20180125,31
20180126,36
20180129,31
20180130,32
20180131,29
20180201,24
20180202,34
20180205,35
20180206,24
20180207,47
20180208,26
20180209,20
20180212,19
20180213,38
20180214,27
20180215,31
20180216,27
20180219,35
20180220,34
20180221,22
20180222,22
20180223,30
20180226,30
20180227,37
20180301,21
20180302,37
20180305,21
20180306,34
20180307,31
20180308,38
20180309,42
20180312,16
20180313,34
20180314,46
20180315,57
20180316,30
20180319,27
20180320,25
20180321,24
20180322,24
20180323,31
20180326,52
20180327,35
20180328,27
20180402,39
20180403,29
20180404,27
20180405,33
20180406,16
20180409,37
20180410,17
20180411,54
20180412,37
20180413,52
20180416,34
20180417,27
20180418,21
20180419,26
20180420,34
20180423,32
20180424,50
20180425,31
20180426,21
20180427,39
20180430,35
20180502,26
20180503,36
20180504,46
20180507,28
20180508,51
20180509,25
20180510,31
20180511,18
20180514,19
20180515,25
20180516,43
20180517,30
20180518,21
20180521,43
20180522,37
20180523,35
20180524,57
20180525,43
20180528,34
20180529,52
20180530,26
20180531,36
20180601,42
20180604,28
20180605,44
20180606,36
20180607,34
20180608,46
20180611,51
20180612,36
20180613,29
20180614,50
20180615,36
20180618,55
20180619,31
20180620,46
20180621,19
20180622,47
20180625,46
20180626,39
20180627,35
20180628,28
20180629,32
20180702,56
20180703,39
20180704,41
20180705,24
20180706,26
20180709,32
20180710,31
20180711,38
20180712,37
20180713,34
20180716,39
20180717,32
20180718,33
20180719,30
20180720,40
20180723,27
20180724,36
20180725,52
20180726,42
20180727,40
20180730,33
20180731,57
20180801,36
20180802,28
20180803,20
20180806,26
20180807,42
20180808,31
20180809,32
20180810,43
20180813,29
20180814,28
20180816,54
20180817,15
20180820,20
20180821,30
20180822,28
20180823,24
20180824,30
20180827,20
20180828,23
20180829,19
20180830,23
20180831,20
20180903,62
20180904,42
20180905,50
20180906,40
20180907,38
20180910,46
20180911,53
20180912,31
20180913,36
20180914,47
20180917,30
20180918,34
20180919,33
20180920,28
20180921,42
20180924,20
20180925,48
20180926,28
20180927,33
20180928,25
20181001,51
20181002,31
20181003,31
20181004,49
20181005,35
20181008,25
20181009,35
20181010,35
20181011,60
20181015,24
20181016,97
20181017,24
20181018,51
20181019,47
20181022,40
20181023,25
20181024,38
20181025,31
20181026,54
20181029,30
20181030,32
20181031,50
20181102,44
20181105,45
20181106,39
20181107,39
20181108,25
20181109,42
20181112,45
20181113,58
20181114,34
20181115,28
20181116,35
20181119,40
20181120,29
20181121,32
20181122,35
20181123,45
20181126,30
20181127,40
20181128,21
20181129,25
20181130,44
20181201,1
20181203,23
20181204,42
20181205,37
20181207,33
20181210,29
20181211,23
20181212,27
20181213,33
20181214,60
20181217,32
20181218,25
20181219,41
20181220,32
20181221,39
20181224,20
20181226,30
20181227,26
20181228,48
20181231,22
20190102,36
20190103,25
20190104,49
20190108,47
20190109,50
20190110,47
20190111,73
20190114,41
20190115,42
20190116,53
20190117,38
20190118,40
20190119,1
20190121,69
20190122,34
20190123,38
20190124,32
20190125,42
20190127,1
20190128,51
20190129,60
20190130,51
20190131,55
20190201,60
20190204,32
20190205,60
20190206,39
20190207,23
20190208,54
20190211,46
20190212,37
20190213,43
20190214,46
20190215,52
20190217,1
20190218,41
20190219,33
20190220,79
20190221,56
20190222,52
20190225,44
20190226,35
20190227,36
20190301,51
20190304,34
20190305,54
20190306,30
20190307,37
20190308,47
20190311,46
20190312,49
20190313,44
20190314,37
20190315,59
20190318,51
20190319,45
20190320,35
20190321,77
20190322,54
20190325,101
20190326,52
20190327,24
20190328,30
20190329,48
20190401,59
20190402,36
20190403,37
20190404,54
20190405,77
20190408,41
20190409,43
20190410,44
20190411,43
20190412,51
20190415,93
20190416,40
20190417,27
20190422,49
20190423,45
20190424,42
20190425,38
20190426,28
20190429,32
20190430,35
20190502,44
20190503,48
20190506,46
20190507,47
20190508,32
20190509,35
20190510,57
20190513,54
20190514,31
20190515,67
20190516,25
20190517,63
20190520,42
20190521,35
20190522,45
20190523,44
20190524,43
20190527,45
20190528,50
20190529,55
20190530,46
20190531,34
20190603,38
20190604,56
20190605,61
20190606,50
20190607,79
20190610,46
20190611,49
20190612,49
20190613,45
20190614,39
20190617,46
20190618,66
20190619,65
20190620,41
20190621,57
20190622,3
20190624,38
20190625,38
20190626,58
20190627,29
20190628,47
20190701,39
20190702,53
20190703,51
20190704,69
20190705,45
20190708,96
20190709,65
20190710,69
20190711,37
20190712,44
20190715,35
20190716,48
20190717,55
20190718,56
20190719,31
20190722,40
20190723,37
20190724,38
20190725,42
20190726,45
20190729,48
20190730,37
20190731,40
20190801,47
20190802,44
20190805,59
20190806,55
20190807,42
20190808,46
20190809,74
20190812,35
20190813,45
20190814,43
20190816,45
20190819,55
20190820,30
20190821,83
20190822,47
20190823,39
20190826,38
20190827,36
20190828,35
20190829,34
20190830,23
20190902,36
20190903,26
20190904,70
20190905,43
20190906,50
20190909,73
20190910,63
20190911,52
20190912,47
20190913,45
20190914,1
20190916,53
20190917,40
20190918,56
20190919,46
20190920,57
20190923,30
20190924,51
20190925,48
20190926,53
20190927,52
20190930,53
20191001,53
20191002,50
20191003,32
20191004,73
20191007,59
20191008,43
20191009,42
20191010,41
20191011,58
20191014,38
20191015,31
20191016,60
20191017,33
20191018,58
20191019,4
20191021,69
20191022,51
20191023,54
20191024,35
20191025,44
20191028,41
20191029,47
20191030,37
20191031,41
20191104,51
20191105,40
20191106,54
20191107,46
20191108,60
20191111,46
20191112,38
20191113,35
20191114,35
20191115,54
20191118,46
20191119,26
20191120,62
20191121,34
20191122,56
20191125,66
20191126,38
20191127,46
20191128,44
20191129,39
20191202,38
20191203,37
20191204,36
20191205,38
20191210,38
20191211,44
20191212,43
20191213,46
20191216,44
20191217,58
20191218,77
20191219,29
20191220,55
20191223,43
20191224,26
20191226,53
20191227,63
20191230,55
20191231,12
20200102,53
20200103,44
20200107,47
20200108,51
20200109,40
20200110,35
20200113,57
20200114,48
20200115,54
20200116,43
20200117,64
20200119,1
20200120,52
20200121,37
20200122,57
20200123,24
20200124,38
20200125,5
20200127,46
20200128,33
20200129,45
20200130,53
20200131,57
20200203,47
20200204,44
20200205,57
20200206,55
20200207,54
20200210,36
20200211,40
20200212,53
20200213,29
20200214,47
20200217,29
20200218,41
20200219,33
20200220,52
20200221,40
20200224,46
20200225,48
20200226,34
20200227,64
20200302,43
20200303,59
20200304,48
20200305,42
20200306,89
20200309,54
20200310,47
20200311,57
20200312,46
20200313,58
20200326,1
20200402,-3
20200408,3
20200413,2
20200414,2
20200415,7
20200416,1
20200417,6
20200420,7
20200421,12
20200422,8
20200423,6
20200424,2
20200427,2
20200428,7
20200430,6
20200504,18
20200505,26
20200506,32
20200507,36
20200508,31
20200509,1
20200511,45
20200512,39
20200513,37
20200514,31
20200515,35
20200518,64
20200519,66
20200520,37
20200521,80
20200522,34
20200523,3
20200525,41
20200526,35
20200527,49
20200528,38
20200529,27
20200601,38
20200602,63
20200603,57
20200604,71
20200605,57
20200608,74
20200609,55
20200610,31
20200611,55
20200612,53
20200613,-1
20200615,61
20200616,60
20200617,57
20200618,73
20200619,32
20200622,51
20200623,53
20200624,82
20200625,62
20200626,58
20200629,62
20200630,52
20200701,55
20200702,34
20200703,44
20200704,1
20200706,33
20200707,60
20200708,65
20200709,57
20200710,51
20200713,44
20200714,84
20200715,33
20200716,53
20200717,81
20200720,51
20200721,51
20200722,74
20200723,50
20200724,61
20200727,45
20200728,64
20200729,57
20200730,53
20200731,34
20200803,45
20200804,44
20200805,56
20200806,55
20200807,46
20200810,57
20200811,44
20200812,82
20200813,46
20200814,41
20200817,55
20200818,39
20200819,61
20200820,53
20200821,50
20200824,45
20200825,56
20200826,45
20200827,34
20200828,33
20200831,37
20200901,63
20200902,48
20200903,63
20200904,47
20200907,50
20200908,71
20200909,56
20200910,58
20200911,87
20200914,73
20200915,58
20200916,71
20200917,61
20200918,145
20200921,66
20200922,63
20200923,54
20200924,52
20200925,76
20200928,61
20200929,66
20200930,53
20201001,82
20201002,52
20201003,2
20201005,46
20201006,66
20201007,63
20201008,55
20201009,65
20201010,2
20201013,62
20201014,72
20201015,50
20201016,50
20201019,78
20201020,39
20201021,70
20201022,59
20201023,70
20201026,37
20201027,46
20201028,44
20201029,58
20201030,61
20201103,44
20201104,56
20201105,55
20201106,54
20201109,62
20201110,52
20201111,43
20201112,42
20201113,63
20201116,40
20201117,41
20201118,28
20201119,54
20201120,56
20201123,59
20201124,46
20201125,39
20201126,36
20201127,67
20201128,2
20201130,69
20201201,54
20201202,51
20201203,35
20201204,55
20201207,1
20201209,45
20201210,51
20201211,67
20201214,41
20201215,51
20201216,38
20201217,133
20201218,43
20201221,47
20201222,63
20201223,55
20201224,21
20201228,78
20201229,51
20201230,55
20201231,25
20210104,52
20210105,35
20210107,55
20210108,65
20210111,58
20210112,64
20210113,63
20210114,40
20210115,76
20210118,43
20210119,50
20210120,50
20210121,48
20210122,38
20210125,52
20210126,44
20210127,27
20210128,28
20210129,42
20210201,32
20210202,38
20210203,42
20210204,44
20210205,67
20210208,57
20210209,56
20210210,55
20210211,38
20210212,53
20210215,29
20210216,53
20210217,48
20210218,68
20210219,69
20210222,52
20210223,34
20210224,51
20210225,32
20210226,61
20210302,42
20210303,58
20210304,54
20210305,60
20210306,2
20210308,56
20210309,59
20210310,55
20210311,61
20210312,72
20210315,67
20210316,45
20210317,38
20210318,52
20210319,65
20210322,74
20210323,44
20210324,45
20210325,65
20210326,71
20210329,54
20210330,40
20210331,81
20210405,44
20210406,67
20210407,48
20210408,73
20210409,64
20210412,60
20210413,50
20210414,25
20210415,41
20210416,59
20210419,37
20210420,35
20210422,84
20210423,71
20210424,7
20210426,38
20210427,61
20210428,42
20210429,52
20210430,47
20210503,43
20210504,59
20210505,52
20210506,43
20210507,46
20210510,39
20210511,48
20210512,56
20210513,56
20210514,52
20210517,54
20210518,41
20210519,64
20210520,55
20210521,79
20210524,43
20210525,60
20210526,57
20210527,37
20210528,55
20210531,48
20210601,67
20210602,43
20210603,71
20210604,61
20210607,67
20210608,83
20210609,80
20210610,47
20210611,44
20210612,1
20210614,62
20210615,52
20210616,74
20210617,59
20210618,49
20210621,69
20210622,62
20210623,42
20210624,51
20210625,77
20210628,53
20210629,46
20210630,68
20210701,41
20210702,66
20210705,73
20210706,56
20210707,57
20210708,56
20210709,64
20210712,43
20210713,48
20210714,56
20210715,55
20210716,31
20210719,64
20210720,41
20210721,59
20210722,54
20210723,51
20210726,60
20210727,54
20210728,31
20210729,58
20210730,52
20210802,41
20210803,47
20210804,63
20210805,49
20210806,64
20210809,63
20210810,63
20210811,72
20210812,58
20210813,63
20210817,69
20210818,66
20210819,76
20210820,65
20210823,54
20210824,53
20210825,45
20210826,60
20210827,58
20210830,42
20210831,51
20210901,65
20210902,56
20210903,57
20210906,59
20210907,59
20210908,37
20210909,75
20210910,69
20210913,41
20210914,64
20210915,53
20210916,75
20210917,61
20210918,5
20210920,50
20210921,49
20210922,51
20210923,60
20210924,54
20210927,63
20210928,62
20210929,41
20210930,60
20211001,61
20211002,1
20211004,56
20211005,52
20211006,50
20211007,61
20211008,76
20211011,39
20211013,44
20211014,53
20211015,48
20211016,14
20211018,30
20211019,32
20211020,59
20211021,46
20211022,83
20211025,38
20211026,58
20211027,69
20211028,67
20211029,63
20211030,2
20211102,46
20211103,74
20211104,52
20211105,88
20211108,50
20211109,55
20211110,49
20211111,57
20211112,71
20211113,2
20211115,34
20211116,43
20211117,43
20211118,57
20211119,59
20211122,37
20211123,52
20211124,35
20211125,42
20211126,59
20211127,5
20211129,60
20211130,59
20211201,29
20211202,50
20211203,52
20211207,56
20211209,61
20211210,58
20211213,56
20211214,79
20211215,54
20211216,59
20211217,34
20211220,38
20211221,50
20211222,38
20211223,47
20211224,18
20211227,49
20211228,43
20211229,45
20211230,49
20211231,13
20220103,55
20220104,68
20220105,50
20220107,63
20220110,91
20220111,51
20220112,60
20220113,42
20220114,74
20220117,47
20220118,44
20220119,63
20220120,48
20220121,55
20220124,39
20220125,65
20220126,42
20220127,31
20220128,67
20220131,58
20220201,52
20220202,73
20220203,69
20220204,51
20220205,5
20220207,71
20220208,62
20220209,57
20220210,45
20220211,60
20220213,1
20220214,35
20220215,48
20220216,54
20220217,68
20220218,53
20220221,42
20220222,72
20220223,36
20220224,36
20220225,46
20220301,57
20220302,51
20220303,54
20220304,71
20220305,3
20220307,30
20220308,61
20220309,54
20220310,63
20220311,51
20220314,52
20220315,41
20220316,86
20220317,72
20220318,53
20220321,47
20220322,17
20220323,41
20220324,38
20220325,53
20220326,1
20220328,45
20220329,32
20220330,54
20220331,36
20220401,38
20220404,53
20220405,27
20220406,52
20220407,52
20220408,45
20220409,4
20220411,75
20220412,59
20220413,49
20220418,49
20220419,64
20220420,25
20220421,62
20220422,77
20220425,45
20220426,56
20220427,38
20220428,63
20220429,58
20220503,78
20220504,62
20220505,42
20220506,84
20220509,38
20220510,57
20220511,47
20220512,36
20220513,34
20220516,55
20220517,59
20220518,46
20220519,67
20220520,35
20220523,40
20220524,59
20220525,64
20220526,45
20220527,53
20220530,39
20220531,58
20220601,49
20220602,47
20220603,49
20220606,59
20220607,41
20220608,65
20220609,50
20220610,59
20220611,11
20220613,67
20220614,68
20220615,53
20220616,48
20220617,54
20220620,41
20220621,39
20220622,60
20220623,42
20220624,52
20220627,70
20220628,46
20220629,32
20220630,53
20220701,44
20220702,4
20220704,44
20220705,69
20220706,34
20220707,57
20220708,55
20220711,38
20220712,57
20220713,37
20220714,49
20220715,57
20220718,53
20220719,69
20220720,59
20220721,56
20220722,48
20220725,54
20220726,40
20220727,65
20220728,56
20220729,50
20220801,74
20220802,38
20220803,52
20220804,41
20220805,53
20220808,84
20220809,53
20220810,45
20220811,28
20220812,34
20220816,54
20220817,53
20220818,54
20220819,40
20220822,57
20220823,55
20220824,47
20220825,38
20220826,40
20220828,2
20220829,35
20220830,46
20220831,22
20220901,34
20220902,43
20220905,65
20220906,43
20220907,66
20220908,57
20220909,48
20220911,2
20220912,45
20220913,53
20220914,33
20220915,26
20220916,57
20220918,1
20220919,37
20220920,47
20220921,36
20220922,60
20220923,69
20220926,69
20220927,47
20220928,46
20220929,51
20220930,50
20221003,57
20221004,46
20221005,57
20221006,36
20221007,64
20221010,68
20221011,63
20221013,55
20221014,36
20221017,61
20221018,46
20221019,56
20221020,71
20221021,84
20221024,41
20221025,39
20221026,38
20221027,46
20221028,65
20221029,3
20221031,63
20221102,50
20221103,48
20221104,38
20221107,64
20221108,57
20221109,72
20221110,34
20221111,56
20221114,56
20221115,39
20221116,53
20221117,65
20221118,66
20221121,44
20221122,65
20221123,52
20221124,42
20221125,65
20221128,46
20221129,39
20221130,33
20221201,60
20221202,52
20221203,1
20221205,83
20221207,49
20221209,78
20221212,79
20221213,41
20221214,45
20221215,35
20221216,39
20221219,56
20221220,29
20221221,48
20221222,42
20221223,32
20221227,85
20221228,82
20221229,43
20221230,52
20230101,-1
20230103,49
20230104,49
20230105,21
20230109,53
20230110,91
20230111,65
20230112,72
20230113,48
20230116,70
20230117,44
20230118,64
20230119,42
20230120,34
20230123,55
20230124,46
20230125,36
20230126,32
20230127,50
20230130,31
20230131,55
20230201,52
20230202,65
20230203,62
20230204,-1
20230206,44
20230207,57
20230208,23
20230209,48
20230210,55
20230213,46
20230214,46
20230215,28
20230216,53
20230217,68
20230220,34
20230221,38
20230222,35
20230223,52
20230224,49
20230227,69
20230301,59
20230302,34
20230303,51
20230306,62
20230307,52
20230308,60
20230309,42
20230310,61
20230313,52
20230314,50
20230315,49
20230316,43
20230317,50
20230320,51
20230321,39
20230322,43
20230323,43
20230324,55
20230327,41
20230328,39
20230329,38
20230330,64
20230331,34
20230403,76
20230404,50
20230405,43
20230410,52
20230411,58
20230412,18
20230413,37
20230414,41
20230417,53
20230418,45
20230419,24
20230420,50
20230421,46
20230424,73
20230425,43
20230426,33
20230427,56
20230428,53
20230502,84
20230503,62
20230504,60
20230505,46
20230508,59
20230509,49
20230510,52
20230511,41
20230512,43
20230515,42
20230516,50
20230517,41
20230518,53
20230519,20
20230522,57
20230523,45
20230524,59
20230525,33
20230526,58
20230529,49
20230530,42
20230531,83
20230601,55
20230602,49
20230605,33
20230606,59
20230607,58
20230608,67
20230609,49
20230610,4
20230612,55
20230613,63
20230614,41
20230615,43
20230616,41
20230619,55
20230620,48
20230621,63
20230622,47
20230623,36
20230626,47
20230627,66
20230628,32
20230629,40
20230630,62
20230703,59
20230704,64
20230705,43
20230706,46
20230707,61
20230710,63
20230711,43
20230712,80
20230713,55
20230714,50
20230717,32
20230718,40
20230719,66
20230720,92
20230721,43
20230724,61
20230725,41
20230726,40
20230727,39
20230728,45
20230731,33
20230801,61
20230802,57
20230803,48
20230804,39
20230807,50
20230808,63
20230809,62
20230810,42
20230811,56
20230814,67
20230816,41
20230817,92
20230818,45
20230821,47
20230822,46
20230823,45
20230824,43
20230825,42
20230828,44
20230829,36
20230830,60
20230831,34
20230901,41
20230904,59
20230905,77
20230906,58
20230907,39
20230908,64
20230911,45
20230912,58
20230913,47
20230914,63
20230915,40
20230918,42
20230919,58
20230920,69
20230921,62
20230922,54
20230925,64
20230926,39
20230927,40
20230928,55
20230929,66
20231001,4
20231002,52
20231003,61
20231004,56
20231005,40
20231006,55
20231007,-1
20231009,74
20231010,54
20231011,74
20231013,80
20231016,56
20231017,45
20231018,44
20231019,45
20231020,58
20231023,44
20231024,53
20231025,60
20231026,51
20231027,52
20231030,44
20231031,73
20231102,66
20231103,52
20231106,70
20231107,70
20231108,73
20231109,58
20231110,47
20231113,61
20231114,71
20231115,33
20231116,39
20231117,62
20231120,65
20231121,42
20231122,48
20231123,51
20231124,48
20231127,64
20231128,62
20231129,51
20231130,65
20231201,86
20231202,-2
20231204,56
20231205,90
20231207,54
20231211,53
20231212,60
20231213,54
20231214,54
20231215,41
20231218,59
20231219,55
20231220,36
20231221,40
20231222,46
20231225,1
20231226,46
20231227,47
20231228,44
20231229,61
20240102,46
20240103,52
20240104,70
20240105,41
20240108,67
20240109,72
20240110,50
20240111,60
20240112,28
20240115,64
20240116,49
20240117,49
20240118,76
20240119,49
20240122,49
20240123,31
20240124,36
20240125,41
20240126,43
20240129,47
20240130,50
20240131,49
20240201,46
20240202,60
20240205,52
20240206,66
20240207,40
20240208,51
20240209,47
20240212,38
20240213,31
20240214,47
20240215,66
20240216,41
20240219,46
20240220,47
20240221,32
20240222,55
20240223,80
20240226,37
20240227,48
20240229,63
20240301,70
20240304,38
20240305,47
20240306,43
20240307,54
20240308,73
20240311,55
20240312,56
20240313,53
20240314,34
20240315,58
20240318,51
20240319,65
20240320,71
20240321,46
20240322,54
20240325,57
20240326,52
20240327,27
20240401,60
20240402,70
20240403,39
20240404,45
20240405,70
20240408,40
20240409,60
20240410,45
20240411,69
20240412,57
20240415,51
20240416,31
20240417,44
20240418,53
20240419,53
20240422,44
20240423,67
20240424,53
20240425,63
20240426,66
20240429,66
20240430,45
20240502,63
20240503,57
20240506,56
20240507,72
20240508,61
20240509,51
20240510,54
20240513,60
20240514,51
20240515,53
20240516,46
20240517,57
20240520,54
20240521,68
20240522,53
20240523,58
20240524,44
20240527,29
20240528,58
20240529,68
20240530,48
20240531,78
20240602,23
20240603,48
20240604,77
20240605,38
20240606,49
20240607,49
20240608,-1
20240610,75
20240611,53
20240612,69
20240613,51
20240614,74
20240617,85
20240618,54
20240619,40
20240620,76
20240621,64
20240624,65
20240625,88
20240626,60
20240627,51
20240628,69
20240701,62
20240702,56
20240703,50
20240704,48
20240705,48
